{"libros": {"1": {"Titulo": "Hija de Humo y Hueso", "Autor": "Laini Taylor", "ISBN": 9786071116963, "Existencias": 4, "Estado": "Listado", "Precio": 350}, "2": {"Titulo": "Dias de Sangre y Resplandor", "Autor": "Laini Taylor", "ISBN": 9786071125255, "Existencias": 3, "Estado": "Listado", "Precio": 400}, "3": {"Titulo": "Suenios de Dioses y Monstruos", "Autor": "Laini Taylor", "ISBN": 9786071131607, "Existencias": 5, "Estado": "Listado", "Precio": 420}, "4": {"Titulo": "Eliza y sus Monstruos", "Autor": "Francesca Zapia", "ISBN": 9786079830779, "Existencias": 10, "Estado": "Listado", "Precio": 285}, "5": {"Titulo": "Yo te Invente", "Autor": "Francesca Zapia", "ISBN": 9786079789701, "Existencias": 2, "Estado": "Listado", "Precio": 370}}}